dpnum,index,n,net_change,proxy,estimate,std_error
12,Mandatory vs. Voluntary Revenue Sharing,132,-0.10984848484848483,gain,0.024420463570531178,0.010778870872872756
12,Mandatory vs. Voluntary Revenue Sharing,132,-0.10984848484848483,x2,0.02924122478962851,0.013572312543355782
12,Mandatory vs. Voluntary Revenue Sharing,132,-0.10984848484848483,x2_given_x1,0.031002457784213202,0.013173104467529357
12,Mandatory vs. Voluntary Revenue Sharing,132,-0.10984848484848483,x1,0.005558484757272493,0.012069974242030415
12,Expanding vs. Ending Airport Service,132,-0.055681818813988634,gain,-0.023285098274462162,0.018436003348381982
12,Expanding vs. Ending Airport Service,132,-0.055681818813988634,x2,-0.06003442684391353,0.017747709245791693
12,Expanding vs. Ending Airport Service,132,-0.055681818813988634,x2_given_x1,-0.04774977488964023,0.019859514171028176
12,Expanding vs. Ending Airport Service,132,-0.055681818813988634,x1,-0.05042810884743678,0.01531238443842987
13,Protecting the Environment,340,-0.007303921735900292,gain,-0.0067688925022178405,0.008579991485791244
13,Protecting the Environment,340,-0.007303921735900292,x2,-0.017195039626166763,0.008032434400553727
13,Protecting the Environment,340,-0.007303921735900292,x2_given_x1,-0.015397927849326962,0.010312138319058767
13,Protecting the Environment,340,-0.007303921735900292,x1,-0.011968194691634626,0.008980222868212723
13,Fighting Terrorism,340,0.019912990357945918,gain,0.00636293768060032,0.00601022162023655
13,Fighting Terrorism,340,0.019912990357945918,x2,8.983021215849713e-4,0.006475846433437651
13,Fighting Terrorism,340,0.019912990357945918,x2_given_x1,0.005444771162853074,0.00768274778531448
13,Fighting Terrorism,340,0.019912990357945918,x1,-0.005367676131272874,0.005781852249647114
13,Increasing Foreign Aid,340,0.025882353545988324,gain,2.9476237749381654e-4,0.0080843785085485
13,Increasing Foreign Aid,340,0.025882353545988324,x2,-0.0025968408329661305,0.009599414032530918
13,Increasing Foreign Aid,340,0.025882353545988324,x2_given_x1,-0.0013535016717621654,0.011214850158752593
13,Increasing Foreign Aid,340,0.025882353545988324,x1,-0.002974839013970311,0.007285213772950473
13,Internationalism,340,0.053055442146518764,gain,-7.377221890485915e-4,0.004146154458301731
13,Internationalism,340,0.053055442146518764,x2,0.004403125534703893,0.004168174623256632
13,Internationalism,340,0.053055442146518764,x2_given_x1,0.002147596133263269,0.00486487539447616
13,Internationalism,340,0.053055442146518764,x1,0.005329609261807947,0.004709510801516462
13,Multilateralism,334,0.10479041916167675,gain,-0.001514081169049089,0.015207218890562178
13,Multilateralism,334,0.10479041916167675,x2,0.018142024224790648,0.011573134187806705
13,Multilateralism,334,0.10479041916167675,x2_given_x1,0.009596981277486453,0.016996017832120947
13,Multilateralism,334,0.10479041916167675,x1,0.020741288399274218,0.012328322275980812
13,Promoting Democracy,340,0.09386437764829572,gain,-0.00814563935606618,0.006565568396714276
13,Promoting Democracy,340,0.09386437764829572,x2,0.005570395083096541,0.008947054394744603
13,Promoting Democracy,340,0.09386437764829572,x2_given_x1,-0.002878420988759761,0.009342197600888951
13,Promoting Democracy,340,0.09386437764829572,x1,0.014729895701348316,0.007189967979792764
13,Fighting Poverty and Suffering,340,0.05417728654163726,gain,0.00601003031877137,0.0066748819621664495
13,Fighting Poverty and Suffering,340,0.05417728654163726,x2,0.005536612343990378,0.006767646554100664
13,Fighting Poverty and Suffering,340,0.05417728654163726,x2_given_x1,0.008070264400088404,0.007889446738443514
13,Fighting Poverty and Suffering,340,0.05417728654163726,x1,-9.15319173526041e-6,0.007391880720504541
13,Human Rights,313,0.2460063897763577,gain,0.015851644517378305,0.018459416610482848
13,Human Rights,313,0.2460063897763577,x2,0.0755967276923494,0.01715262052989586
13,Human Rights,313,0.2460063897763577,x2_given_x1,0.058334345867568665,0.023246577965164657
13,Human Rights,313,0.2460063897763577,x1,0.06470351838876737,0.014101486385134967
13,Liberalizing Trade,273,-0.03113553113553124,gain,-0.028443000141748644,0.026938445238118912
13,Liberalizing Trade,273,-0.03113553113553124,x2,-0.11949433506485274,0.02401122399981677
13,Liberalizing Trade,273,-0.03113553113553124,x2_given_x1,-0.09577854974139449,0.028731032872311855
13,Liberalizing Trade,273,-0.03113553113553124,x1,-0.0959590013441441,0.02190198401889796
20,Protecting the Environment,466,-0.052575107296609774,gain,-0.03927476084040693,0.01067819165827212
20,Protecting the Environment,466,-0.052575107296609774,x2,-0.048854541425963405,0.012637742770220407
20,Protecting the Environment,466,-0.052575107296609774,x2_given_x1,-0.052296053417971035,0.013107782714273007
20,Protecting the Environment,466,-0.052575107296609774,x1,-0.01333322234357168,0.009337383614402756
20,Fighting Terrorism,466,-0.03540772532244684,gain,-0.02832276866452309,0.007945982788596448
20,Fighting Terrorism,466,-0.03540772532244684,x2,-0.005566626594074236,0.010065119740593957
20,Fighting Terrorism,466,-0.03540772532244684,x2_given_x1,-0.02027943524984022,0.008798437615956374
20,Fighting Terrorism,466,-0.03540772532244684,x1,0.03025643436467973,0.01323944391095452
20,Increasing Foreign Aid,466,-0.04291845493611633,gain,-0.04758032730773426,0.01024234771424115
20,Increasing Foreign Aid,466,-0.04291845493611633,x2,-0.045494177457298904,0.01107084325730197
20,Increasing Foreign Aid,466,-0.04291845493611633,x2_given_x1,-0.0556394851787043,0.010567255113627263
20,Increasing Foreign Aid,466,-0.04291845493611633,x1,0.0016430147524674735,0.014253940881929524
20,Internationalism,466,-0.00321888412044012,gain,-0.04722974262422834,0.012116554636659959
20,Internationalism,466,-0.00321888412044012,x2,-0.05643174649653059,0.010494630526562923
20,Internationalism,466,-0.00321888412044012,x2_given_x1,-0.061717517941753605,0.011493382016472924
20,Internationalism,466,-0.00321888412044012,x1,-0.012734770717507636,0.01640712087083104
20,Multilateralism,466,-0.05042918454997902,gain,-0.10220600176209714,0.010557450243029731
20,Multilateralism,466,-0.05042918454997902,x2,-0.1097890473801435,0.01162543286081269
20,Multilateralism,466,-0.05042918454997902,x2_given_x1,-0.12636745211074793,0.011665489056463663
20,Multilateralism,466,-0.05042918454997902,x1,-0.01190211430690509,0.011125180588227828
20,Promoting Democracy,466,0.06545064377631933,gain,-0.02490460451863253,0.009732981134383827
20,Promoting Democracy,466,0.06545064377631933,x2,-0.02836657493789768,0.010897625639005539
20,Promoting Democracy,466,0.06545064377631933,x2_given_x1,-0.031509978173142,0.010487182707476912
20,Promoting Democracy,466,0.06545064377631933,x1,-0.0054752380881413175,0.012376701179911465
20,Fighting Poverty and Suffering,466,0.10300429184517147,gain,-0.07635631222288745,0.011376031290465554
20,Fighting Poverty and Suffering,466,0.10300429184517147,x2,-0.05063157377750812,0.01229076256731048
20,Fighting Poverty and Suffering,466,0.10300429184517147,x2_given_x1,-0.07648352600481105,0.013013026192668928
20,Fighting Poverty and Suffering,466,0.10300429184517147,x1,0.03151538410067559,0.011514553167692664
20,Human Rights,466,0.07081545064311101,gain,-0.05051305886333289,0.012255697745031251
20,Human Rights,466,0.07081545064311101,x2,-0.03725310894359848,0.013966804620883849
20,Human Rights,466,0.07081545064311101,x2_given_x1,-0.052611802691230766,0.014480556959716834
20,Human Rights,466,0.07081545064311101,x1,0.016917901466517338,0.015136651881259301
20,Liberalizing Trade,466,-0.03326180257559056,gain,-0.07063402562093381,0.010995800889613787
20,Liberalizing Trade,466,-0.03326180257559056,x2,-0.03703290925391626,0.012380519862392695
20,Liberalizing Trade,466,-0.03326180257559056,x2_given_x1,-0.06417408140733596,0.012991052318315802
20,Liberalizing Trade,466,-0.03326180257559056,x1,0.045159509139312465,0.012095119208394726
15,More services / Higher taxes,232,0.0035918971587871546,gain,6.087504336684887e-4,0.009782318462135385
15,More services / Higher taxes,232,0.0035918971587871546,x2,-0.027842885755376544,0.0145063941472134
15,More services / Higher taxes,232,0.0035918971587871546,x2_given_x1,-0.022243380125509218,0.016924418814882547
15,More services / Higher taxes,232,0.0035918971587871546,x1,-0.023865900423149258,0.0127603733931691
15,Multilateralism,225,-0.0059260004096561,gain,-0.009506363648336454,0.017443376216483206
15,Multilateralism,225,-0.0059260004096561,x2,0.01584246518594345,0.010869269922486621
15,Multilateralism,225,-0.0059260004096561,x2_given_x1,0.0031522748585153335,0.01864443009457786
15,Multilateralism,225,-0.0059260004096561,x1,0.02055422148439858,0.01579374610248515
15,Free trade vs. Protectionism,226,-0.014011636244512246,gain,-0.0269041839105728,0.01530024285069689
15,Free trade vs. Protectionism,226,-0.014011636244512246,x2,0.010241428935742963,0.01017117765289616
15,Free trade vs. Protectionism,226,-0.014011636244512246,x2_given_x1,-0.01718545968497381,0.014818807634347344
15,Free trade vs. Protectionism,226,-0.014011636244512246,x1,0.02920260254045913,0.014969442343649338
15,Constitutional rights vs. Find everypotential terrorist,229,8.914668485626213e-8,gain,-0.02335630197241288,0.013135113987803449
15,Constitutional rights vs. Find everypotential terrorist,229,8.914668485626213e-8,x2,-0.011891746503749894,0.016723306270774535
15,Constitutional rights vs. Find everypotential terrorist,229,8.914668485626213e-8,x2_given_x1,-0.03293976980561609,0.019471717450177523
15,Constitutional rights vs. Find everypotential terrorist,229,8.914668485626213e-8,x1,0.007583549105778306,0.015767232676463936
15,Health insutrance: Govt  vs. Private,229,0.05604043459788161,gain,-0.013694085837135082,0.017343596366813017
15,Health insutrance: Govt  vs. Private,229,0.05604043459788161,x2,-0.0023430191854978827,0.0169151396508645
15,Health insutrance: Govt  vs. Private,229,0.05604043459788161,x2_given_x1,-0.01578600611094437,0.02626618094530521
15,Health insutrance: Govt  vs. Private,229,0.05604043459788161,x1,0.007908681525029939,0.01400643046011291
15,Gay marriage: Allow marriage vs. Constitutional amendment to ban gay marriage,226,-0.0066372574166913695,gain,0.013136707621348656,0.007691100848515846
15,Gay marriage: Allow marriage vs. Constitutional amendment to ban gay marriage,226,-0.0066372574166913695,x2,-0.0289416560911911,0.019625677701265245
15,Gay marriage: Allow marriage vs. Constitutional amendment to ban gay marriage,226,-0.0066372574166913695,x2_given_x1,-0.010152110242916807,0.018050465477597772
15,Gay marriage: Allow marriage vs. Constitutional amendment to ban gay marriage,226,-0.0066372574166913695,x1,-0.03413964250026555,0.016175360764471874
17,Create more housing,225,0.13925925844245482,gain,0.03012854099739867,0.024144187248779182
17,Create more housing,225,0.13925925844245482,x2,0.03336338772201201,0.025543023692722225
17,Create more housing,225,0.13925925844245482,x2_given_x1,0.03381699656507097,0.025589421646750116
17,Create more housing,225,0.13925925844245482,x1,-0.0012866070540130128,0.023058485558982236
17,Require some homes to be sold below market rate,226,0.09292035398230088,gain,0.02656664727646354,0.027733988056533515
17,Require some homes to be sold below market rate,226,0.09292035398230088,x2,0.025853274844158846,0.025112140019917795
17,Require some homes to be sold below market rate,226,0.09292035398230088,x2_given_x1,0.026671243219604825,0.02594311106938564
17,Require some homes to be sold below market rate,226,0.09292035398230088,x1,-0.006799801171689112,0.022730646107481572
17,Open space areas rezoned to allow housing,226,-0.047935101904172814,gain,0.03240319800135156,0.016588277106857494
17,Open space areas rezoned to allow housing,226,-0.047935101904172814,x2,0.04568174481849674,0.0176740046663584
17,Open space areas rezoned to allow housing,226,-0.047935101904172814,x2_given_x1,0.044788223153486115,0.017785703733411623
17,Open space areas rezoned to allow housing,226,-0.047935101904172814,x1,0.013733995962783947,0.01660903487954266
17,Land use: Local control vs. regional coordination within county,225,0.008888890875710386,gain,-0.006861960338874469,0.02132516382306087
17,Land use: Local control vs. regional coordination within county,225,0.008888890875710386,x2,-0.015398347208269696,0.025919859424780298
17,Land use: Local control vs. regional coordination within county,225,0.008888890875710386,x2_given_x1,-0.014259894544867912,0.025344518896682725
17,Land use: Local control vs. regional coordination within county,225,0.008888890875710386,x1,-0.011595325173727404,0.024696622754036283
18,Reforming Education,418,0.011961722488038345,gain,-0.014546405816081718,0.015593198293645031
18,Reforming Education,418,0.011961722488038345,x2,-0.003518571753219075,0.018469364690543
18,Reforming Education,418,0.011961722488038345,x2_given_x1,-0.009631365953989028,0.019400141483869263
18,Reforming Education,418,0.011961722488038345,x1,0.012678143549340236,0.014664539761142969
18,Charter Schools vs. Vouchers,453,-0.016004414221572068,gain,-0.009824107271354163,0.009164639856696794
18,Charter Schools vs. Vouchers,453,-0.016004414221572068,x2,-0.004123656620018551,0.007830409569828894
18,Charter Schools vs. Vouchers,453,-0.016004414221572068,x2_given_x1,-0.007858965144483317,0.009237063402830318
18,Charter Schools vs. Vouchers,453,-0.016004414221572068,x1,0.006871622295640429,0.0076904540213272735
18,Tax Money to Public Schools,453,-9.89696541369343e-4,gain,0.008164389332697032,0.008030108900196668
18,Tax Money to Public Schools,453,-9.89696541369343e-4,x2,-0.009362961349850676,0.006981920160150236
18,Tax Money to Public Schools,453,-9.89696541369343e-4,x2_given_x1,-0.0030817098341154752,0.00835065090095638
18,Tax Money to Public Schools,453,-9.89696541369343e-4,x1,-0.01877360447595413,0.006388818748251914
18,Standardized Testing,451,0.014634145981324466,gain,0.008126864549810072,0.007646340811155723
18,Standardized Testing,451,0.014634145981324466,x2,-0.008739686603429683,0.01242257297429987
18,Standardized Testing,451,0.014634145981324466,x2_given_x1,-0.0026241339243766072,0.011185227147510524
18,Standardized Testing,451,0.014634145981324466,x1,-0.01792000420679004,0.011197792508645782
18,Control of Educational Testing: Local Boards vs. States,414,0.05314009661835749,gain,-0.0076781861940713216,0.022290070745641138
18,Control of Educational Testing: Local Boards vs. States,414,0.05314009661835749,x2,0.0015930982560749768,0.019300207942621425
18,Control of Educational Testing: Local Boards vs. States,414,0.05314009661835749,x2_given_x1,-0.0023879204280751764,0.02142322328584886
18,Control of Educational Testing: Local Boards vs. States,414,0.05314009661835749,x1,0.010042758950799957,0.023094285239734655
18,No Child Left Behind,426,-0.007629107981220643,gain,-0.0030847179325168006,0.01011102849986394
18,No Child Left Behind,426,-0.007629107981220643,x2,-0.003656328906922498,0.01133169439132503
18,No Child Left Behind,426,-0.007629107981220643,x2_given_x1,-0.004155879161238759,0.012213821242594057
18,No Child Left Behind,426,-0.007629107981220643,x1,-1.4697629997893213e-4,0.008995536439139223
18,Willing to Pay More For Better Health Coverage,454,0.005304699353381385,gain,0.00421980233927038,0.0049058008648824305
18,Willing to Pay More For Better Health Coverage,454,0.005304699353381385,x2,0.006203698471217485,0.004800129347935137
18,Willing to Pay More For Better Health Coverage,454,0.005304699353381385,x2_given_x1,0.006627614793871386,0.005087067836957374
18,Willing to Pay More For Better Health Coverage,454,0.005304699353381385,x1,0.0014370783200115234,0.00542631063647104
18,Role of Government in Healthcar,452,0.008849557522123883,gain,-1.8164375898942274e-4,0.0065940376579949654
18,Role of Government in Healthcar,452,0.008849557522123883,x2,-1.5079348640146867e-4,0.008764492261213048
18,Role of Government in Healthcar,452,0.008849557522123883,x2_given_x1,-1.9699712191079225e-4,0.008808364178885544
18,Role of Government in Healthcar,452,0.008849557522123883,x1,6.049279576795054e-5,0.0071290892965267276
18,Quality of Medical Care,452,-0.038827432055784504,gain,-0.005257845347995857,0.00700193704665325
18,Quality of Medical Care,452,-0.038827432055784504,x2,8.586247139246031e-4,0.0060432638646190405
18,Quality of Medical Care,452,-0.038827432055784504,x2_given_x1,-0.0019431071084137384,0.006608968389971598
18,Quality of Medical Care,452,-0.038827432055784504,x1,0.006661009242611313,0.007736975691857025
18,Employers Must Provide Health Insurance,435,-0.0902298850574713,gain,-0.007940083591582712,0.018566881502310704
18,Employers Must Provide Health Insurance,435,-0.0902298850574713,x2,0.028575001023367082,0.010474055367837817
18,Employers Must Provide Health Insurance,435,-0.0902298850574713,x2_given_x1,0.016837974006350065,0.016409431449846135
18,Employers Must Provide Health Insurance,435,-0.0902298850574713,x1,0.03578909023318351,0.014203296898008226
18,Individuals Must Buy Health Insurance,437,0.024027459954233416,gain,0.018309188148542058,0.017959488764470562
18,Individuals Must Buy Health Insurance,437,0.024027459954233416,x2,-0.009607225148394223,0.017502812860456116
18,Individuals Must Buy Health Insurance,437,0.024027459954233416,x2_given_x1,0.0025347895239714604,0.02001761461127763
18,Individuals Must Buy Health Insurance,437,0.024027459954233416,x1,-0.0287905918628063,0.01490187781389692
1,Relations with EU,224,0.006175595238095306,gain,0.041618526020584204,0.010719995982333282
1,Relations with EU,224,0.006175595238095306,x2,0.02892442076317774,0.016037603696251276
1,Relations with EU,224,0.006175595238095306,x2_given_x1,0.04446941010906738,0.01380811137038177
1,Relations with EU,224,0.006175595238095306,x1,-0.014775826465859107,0.01260469762280368
1,Scope of EU,237,0.1462728551336147,gain,0.06862712479617315,0.019689068835764587
1,Scope of EU,237,0.1462728551336147,x2,0.08144333635246749,0.018060355352979722
1,Scope of EU,237,0.1462728551336147,x2_given_x1,0.09016692144519813,0.02191651822355899
1,Scope of EU,237,0.1462728551336147,x1,0.010923655022496065,0.015801263040758604
1,EU should include some Eastern European countries,221,0.26809954751131226,gain,4.775490168374024e-5,0.016792772547283657
1,EU should include some Eastern European countries,221,0.26809954751131226,x2,0.009994279910416898,0.008872413185651478
1,EU should include some Eastern European countries,221,0.26809954751131226,x2_given_x1,0.006951465004301937,0.01280641303725804
1,EU should include some Eastern European countries,221,0.26809954751131226,x1,0.009940185702665822,0.017846218184771785
1,Favor a Referendum,224,0.43638392857142855,gain,-0.005230556981097207,0.014955936844097354
1,Favor a Referendum,224,0.43638392857142855,x2,-0.019317000383960715,0.016483530484386874
1,Favor a Referendum,224,0.43638392857142855,x2_given_x1,-0.01631539102170865,0.018884573756822794
1,Favor a Referendum,224,0.43638392857142855,x1,-0.014049932034780622,0.01216645731651034
2,Government Pay for Healthcare,193,-0.07512953367875648,gain,-0.002292801740715349,0.014783718595592143
2,Government Pay for Healthcare,193,-0.07512953367875648,x2,0.012833717132902715,0.008604359238187117
2,Government Pay for Healthcare,193,-0.07512953367875648,x2_given_x1,0.005646973416865051,0.013975561983325818
2,Government Pay for Healthcare,193,-0.07512953367875648,x1,0.015608021776869898,0.015144196180824626
2,Prioritizing the Poor,213,-0.06455399061032868,gain,0.003404714128814353,0.023357698652415354
2,Prioritizing the Poor,213,-0.06455399061032868,x2,0.0321186540662766,0.03293947724748022
2,Prioritizing the Poor,213,-0.06455399061032868,x2_given_x1,0.02350826934465093,0.029799750418507975
2,Prioritizing the Poor,213,-0.06455399061032868,x1,0.028370143133397977,0.034089615375982256
2,Healthcare Options,212,0.016509433962264158,gain,0.0060340814387390505,0.016869115953316707
2,Healthcare Options,212,0.016509433962264158,x2,0.014489920823449048,0.022936271474379856
2,Healthcare Options,212,0.016509433962264158,x2_given_x1,0.013653554722349411,0.02453624486872882
2,Healthcare Options,212,0.016509433962264158,x1,0.008558768546141914,0.01661255496684189
2,Having the NHS charge more,217,0.011194316436251907,gain,-0.022633461994488954,0.01564205615984944
2,Having the NHS charge more,217,0.011194316436251907,x2,-0.060084180490182125,0.0199320328118804
2,Having the NHS charge more,217,0.011194316436251907,x2_given_x1,-0.0540203760295333,0.02052728852531085
2,Having the NHS charge more,217,0.011194316436251907,x1,-0.04074311755336232,0.016278396441902546
2,Having the NHS Cut Expensive Treatments,217,-0.030817972350230392,gain,-0.023388158967985725,0.01685903454830045
2,Having the NHS Cut Expensive Treatments,217,-0.030817972350230392,x2,-0.027664109100131774,0.01417201621316407
2,Having the NHS Cut Expensive Treatments,217,-0.030817972350230392,x2_given_x1,-0.03406974746255704,0.01888997501681806
2,Having the NHS Cut Expensive Treatments,217,-0.030817972350230392,x1,-0.005272583953791003,0.01346674985277623
2,Privatizing Some Treatments,211,-0.05015797788309637,gain,0.014554764506489255,0.014579179477884781
2,Privatizing Some Treatments,211,-0.05015797788309637,x2,-0.014938641318398452,0.016074695474851155
2,Privatizing Some Treatments,211,-0.05015797788309637,x2_given_x1,0.0012892720981221419,0.018947271130868804
2,Privatizing Some Treatments,211,-0.05015797788309637,x1,-0.029758293749808158,0.011646714986519743
2,Prioritizing by Severity,183,0.08356102003642997,gain,-0.0016546961450241639,0.012925177089101065
2,Prioritizing by Severity,183,0.08356102003642997,x2,-0.042901138357898556,0.012172032397822085
2,Prioritizing by Severity,183,0.08356102003642997,x2_given_x1,-0.02928544389909566,0.013174986392405507
2,Prioritizing by Severity,183,0.08356102003642997,x1,-0.04164260600219282,0.010838366561003896
2,Prioritizing Prevention,201,-0.041044776119403006,gain,0.031053456798663448,0.0160332370454675
2,Prioritizing Prevention,201,-0.041044776119403006,x2,0.05441393421796478,0.023888598206383064
2,Prioritizing Prevention,201,-0.041044776119403006,x2_given_x1,0.0568184862061233,0.023232199300878185
2,Prioritizing Prevention,201,-0.041044776119403006,x1,0.022795815252126123,0.019827542141055723
2,Public and Government Discretion,191,-0.06806282722513088,gain,0.023647157983149845,0.01824872225436903
2,Public and Government Discretion,191,-0.06806282722513088,x2,0.043230197329315566,0.011753044546873528
2,Public and Government Discretion,191,-0.06806282722513088,x2_given_x1,0.04557894677164818,0.014146788503902157
2,Public and Government Discretion,191,-0.06806282722513088,x1,0.014971647570295121,0.0133657401668517
3,Support for the Monarchy,255,-0.031098040105665466,gain,0.011620165041683039,0.013297044435171523
3,Support for the Monarchy,255,-0.031098040105665466,x2,0.0211084050107149,0.012954319515039071
3,Support for the Monarchy,255,-0.031098040105665466,x2_given_x1,0.02280659259335677,0.01575055289407157
3,Support for the Monarchy,255,-0.031098040105665466,x1,0.010835975844862672,0.01565346721835635
3,Powers of the Monarchy,258,0.035416666216166445,gain,-0.010423176091913133,0.008975443142396773
3,Powers of the Monarchy,258,0.035416666216166445,x2,-0.012194211921312295,0.01106686956676156
3,Powers of the Monarchy,258,0.035416666216166445,x2_given_x1,-0.016584274972817642,0.01369827891514635
3,Powers of the Monarchy,258,0.035416666216166445,x1,-0.002880596454199728,0.007714784921017331
3,Rules and limits for the Monarchy,250,0.04250000000000002,gain,0.008583458323939471,0.014002276452825443
3,Rules and limits for the Monarchy,250,0.04250000000000002,x2,-0.04112284620341334,0.01508393907134919
3,Rules and limits for the Monarchy,250,0.04250000000000002,x2_given_x1,-0.0172016302967507,0.017427075391167078
3,Rules and limits for the Monarchy,250,0.04250000000000002,x1,-0.04850826570491043,0.014231277710746941
3,Reforming the House Of Lords,242,0.03822313797129084,gain,0.0028399167103021735,0.01624937335551703
3,Reforming the House Of Lords,242,0.03822313797129084,x2,-0.03006275259254563,0.01936939160585284
3,Reforming the House Of Lords,242,0.03822313797129084,x2_given_x1,-0.016101728511413733,0.021460899650549047
3,Reforming the House Of Lords,242,0.03822313797129084,x1,-0.032776647442380916,0.016210904138462285
4,Redistribution,263,0.04984791015944106,gain,0.007142032492624345,0.013335831495923746
4,Redistribution,263,0.04984791015944106,x2,0.01597802916222936,0.012994895034201554
4,Redistribution,263,0.04984791015944106,x2_given_x1,0.01686489192710659,0.016363446300829598
4,Redistribution,263,0.04984791015944106,x1,0.008442450229201193,0.013024293348640985
4,Tax,256,-0.0961328116827644,gain,-0.01527311461755908,0.015581335636035623
4,Tax,256,-0.0961328116827644,x2,-0.0024638449557277103,0.015502184770033605
4,Tax,256,-0.0961328116827644,x2_given_x1,-0.012963231794147552,0.01940774792224275
4,Tax,256,-0.0961328116827644,x1,0.01155255745636106,0.0139470989708557
4,Minimum Wage,253,-0.056561263771396336,gain,-0.04063482392371034,0.011745908530536163
4,Minimum Wage,253,-0.056561263771396336,x2,-0.02432248692955436,0.009834366371813593
4,Minimum Wage,253,-0.056561263771396336,x2_given_x1,-0.04856545752016686,0.011425462510512624
4,Minimum Wage,253,-0.056561263771396336,x1,0.01315944667233543,0.01230315673538777
4,EU,228,0.12675438605641065,gain,0.02118628000885416,0.020252100695924546
4,EU,228,0.12675438605641065,x2,0.04747909567951998,0.018163121580657582
4,EU,228,0.12675438605641065,x2_given_x1,0.04984607847963823,0.024349845659807287
4,EU,228,0.12675438605641065,x1,0.022785830102251867,0.017704262159903693
5,Making Australia a Republic,347,0.08021133525456288,gain,-3.823246780316964e-4,0.013079598015444354
5,Making Australia a Republic,347,0.08021133525456288,x2,0.03272939647594593,0.010355300282921429
5,Making Australia a Republic,347,0.08021133525456288,x2_given_x1,0.02660618805222339,0.012226530230330367
5,Making Australia a Republic,347,0.08021133525456288,x1,0.02605016732376361,0.014877601435365602
5,Popularly Elected vs. Parliamentarily Appointed President,276,-0.30434782608695654,gain,-0.006931255382224008,0.013553172928879406
5,Popularly Elected vs. Parliamentarily Appointed President,276,-0.30434782608695654,x2,0.01755130251550496,0.01850298807471226
5,Popularly Elected vs. Parliamentarily Appointed President,276,-0.30434782608695654,x2_given_x1,0.010314813569430115,0.020010956589459748
5,Popularly Elected vs. Parliamentarily Appointed President,276,-0.30434782608695654,x1,0.019475538361097475,0.016200674330354867
6,Addressing Social Root Causes,299,0.03832218506131549,gain,0.009222722531709106,0.006190812340369136
6,Addressing Social Root Causes,299,0.03832218506131549,x2,-0.0037837295875800094,0.0075470444020260255
6,Addressing Social Root Causes,299,0.03832218506131549,x2_given_x1,0.0063617447719305185,0.009184237088166156
6,Addressing Social Root Causes,299,0.03832218506131549,x1,-0.012559319906765794,0.0057568924207802834
6,Policing,299,-0.06229096989966556,gain,0.003002587701895046,0.007778548339248155
6,Policing,299,-0.06229096989966556,x2,0.02513979803455841,0.008506369921983807
6,Policing,299,-0.06229096989966556,x2_given_x1,0.016512194152159113,0.009327087263827711
6,Policing,299,-0.06229096989966556,x1,0.024041687169062805,0.010342423361526795
6,Stiffer Punishment,299,-0.0592240256955976,gain,-0.0024862474895985197,0.007035175698176573
6,Stiffer Punishment,299,-0.0592240256955976,x2,0.01901207035484949,0.0072911400966974285
6,Stiffer Punishment,299,-0.0592240256955976,x2_given_x1,0.008186154415877053,0.00881749793675265
6,Stiffer Punishment,299,-0.0592240256955976,x1,0.02316659189523668,0.0071415391337936165
6,Procedural Rights,298,-0.03901605944391181,gain,0.0040055166507171665,0.009381386442252981
6,Procedural Rights,298,-0.03901605944391181,x2,0.022267941789189467,0.008915593666761165
6,Procedural Rights,298,-0.03901605944391181,x2_given_x1,0.015635563266370514,0.011592768631393338
6,Procedural Rights,298,-0.03901605944391181,x1,0.020290815972180958,0.008552760509842335
6,Increasing Self-Protection,299,-0.033862876254180566,gain,-0.0015877784160823695,0.011377202563409487
6,Increasing Self-Protection,299,-0.033862876254180566,x2,0.016301036255484964,0.011362704221336764
6,Increasing Self-Protection,299,-0.033862876254180566,x2_given_x1,0.007269102730494339,0.014420783712408502
6,Increasing Self-Protection,299,-0.033862876254180566,x1,0.019374916845970022,0.010100440674426576
7,EU Membership,325,0.02276923076923078,gain,0.01825355375525872,0.007224387042441269
7,EU Membership,325,0.02276923076923078,x2,0.027320991748058566,0.008754590371672418
7,EU Membership,325,0.02276923076923078,x2_given_x1,0.02784046254870876,0.008806650073086937
7,EU Membership,325,0.02276923076923078,x1,0.009117567595454327,0.007661541559770956
7,Privatization pensions,318,-0.12201257861635223,gain,0.010328955942808167,0.017343344208869828
7,Privatization pensions,318,-0.12201257861635223,x2,0.0015912708956976422,0.01996586710385697
7,Privatization pensions,318,-0.12201257861635223,x2_given_x1,0.007071066718646926,0.02093291639299963
7,Privatization pensions,318,-0.12201257861635223,x1,-0.010420134039668088,0.01762546991442074
7,Migration,326,-0.08588957055214712,gain,0.02372163288343676,0.01710515888070055
7,Migration,326,-0.08588957055214712,x2,-0.0033514402390428426,0.017090506050475653
7,Migration,326,-0.08588957055214712,x2_given_x1,0.010868591948127946,0.018185347853948895
7,Migration,326,-0.08588957055214712,x1,-0.031427496542964804,0.016189464131395156
7,Militarism,332,0.0012299196787148628,gain,-0.009652206343788189,0.01046372710391683
7,Militarism,332,0.0012299196787148628,x2,-0.024242062193736594,0.010881458098487671
7,Militarism,332,0.0012299196787148628,x2_given_x1,-0.021110266159216858,0.012307192976402113
7,Militarism,332,0.0012299196787148628,x1,-0.016208255188089576,0.007945681933170554
7,Pacifist EU,293,0.021331058020477904,gain,-0.0384967897701268,0.019271224329160883
7,Pacifist EU,293,0.021331058020477904,x2,-0.04058665474930324,0.01581612351624091
7,Pacifist EU,293,0.021331058020477904,x2_given_x1,-0.04720963542693695,0.01824138494706141
7,Pacifist EU,293,0.021331058020477904,x1,7.042460206200711e-4,0.01924270491235638
7,Admitting Turkey in EU,321,-0.00700934579439258,gain,-0.006026406021309232,0.02027875007056876
7,Admitting Turkey in EU,321,-0.00700934579439258,x2,0.013316431074736557,0.016986542899389282
7,Admitting Turkey in EU,321,-0.00700934579439258,x2_given_x1,0.005250323650705414,0.018634573057117722
7,Admitting Turkey in EU,321,-0.00700934579439258,x1,0.022484184989410756,0.024048450505014068
7,EU Veto Support,319,-0.0276123301985371,gain,-0.015253774902259864,0.017282162154063266
7,EU Veto Support,319,-0.0276123301985371,x2,0.006776077948379025,0.012403618530658857
7,EU Veto Support,319,-0.0276123301985371,x2_given_x1,-0.0040983792128290696,0.013498074943047663
7,EU Veto Support,319,-0.0276123301985371,x1,0.025216107028696567,0.022981434492821782
8,Research,214,0.11144859813084111,gain,0.024616963743935592,0.013841814914933515
8,Research,214,0.11144859813084111,x2,0.004615643743818963,0.010986233959743049
8,Research,214,0.11144859813084111,x2_given_x1,0.011943541252966502,0.012568623320606697
8,Research,214,0.11144859813084111,x1,-0.024981018485939893,0.013793528898868097
8,Conservation,214,0.0488563698967044,gain,0.00669216796702931,0.011360454871369751
8,Conservation,214,0.0488563698967044,x2,-0.0061153942062996585,0.0082098418990559
8,Conservation,214,0.0488563698967044,x2_given_x1,-0.0025323313378074093,0.009085623299530417
8,Conservation,214,0.0488563698967044,x1,-0.01381601751468201,0.01149155966683115
8,Helping Low Income Customers,213,0.003638497652582156,gain,-4.30751230430633e-4,0.020343455438917045
8,Helping Low Income Customers,213,0.003638497652582156,x2,-0.009844749194408114,0.018949121751062763
8,Helping Low Income Customers,213,0.003638497652582156,x2_given_x1,-0.008525729902242637,0.019752806732548943
8,Helping Low Income Customers,213,0.003638497652582156,x1,-0.008610969719826096,0.020688925019819566
8,Using Renewables,214,-0.03317757009345791,gain,-7.043149894858315e-4,0.01375559444879866
8,Using Renewables,214,-0.03317757009345791,x2,0.011341274488212165,0.013117671172041405
8,Using Renewables,214,-0.03317757009345791,x2_given_x1,0.008855432081617962,0.012586623938998044
8,Using Renewables,214,-0.03317757009345791,x1,0.011852482361934109,0.01779249722867643
8,Using Fossil Fuels,198,0.03653198653198654,gain,-0.0037885278147121618,0.01827584316878615
8,Using Fossil Fuels,198,0.03653198653198654,x2,-0.015972121921568425,0.019638325409558007
8,Using Fossil Fuels,198,0.03653198653198654,x2_given_x1,-0.014370745145806071,0.020367575370013838
8,Using Fossil Fuels,198,0.03653198653198654,x1,-0.010003838848402306,0.01668771162959412
8,Buying/Importing Power,196,0.06326530612244899,gain,-0.00921711264682718,0.02204579648800585
8,Buying/Importing Power,196,0.06326530612244899,x2,0.010946460580277569,0.022916916971078435
8,Buying/Importing Power,196,0.06326530612244899,x2_given_x1,0.006040099649446055,0.024123219582122327
8,Buying/Importing Power,196,0.06326530612244899,x1,0.021736539883916568,0.019137691436459967
19,Buying/Importing Power,230,0.2091304347826087,gain,-0.003305164973179727,0.017053927633599954
19,Buying/Importing Power,230,0.2091304347826087,x2,-0.002885258418556907,0.022360279053246123
19,Buying/Importing Power,230,0.2091304347826087,x2_given_x1,-0.0037670006919709293,0.022713755557943822
19,Buying/Importing Power,230,0.2091304347826087,x1,8.420528267940881e-4,0.01754074598859546
19,Conservation,230,0.0031055900621117295,gain,0.012065312339308293,0.017455900859642683
19,Conservation,230,0.0031055900621117295,x2,-0.014522775881998903,0.021090771336876528
19,Conservation,230,0.0031055900621117295,x2_given_x1,-0.004576613529091301,0.022094724637470926
19,Conservation,230,0.0031055900621117295,x1,-0.027687816773006014,0.02047521538439609
19,Helping Low Income Customers,230,0.0873913043478261,gain,0.009844450289326274,0.010975395556205723
19,Helping Low Income Customers,230,0.0873913043478261,x2,-0.04069980662848795,0.01350969196134177
19,Helping Low Income Customers,230,0.0873913043478261,x2_given_x1,-0.024614545637945854,0.013670450749728821
19,Helping Low Income Customers,230,0.0873913043478261,x1,-0.05109828343597116,0.011804859436768156
19,Using Renewables,230,-0.023188405797101505,gain,-0.025048143377027734,0.009383179042688703
19,Using Renewables,230,-0.023188405797101505,x2,-0.006299799542964584,0.010597516490001284
19,Using Renewables,230,-0.023188405797101505,x2_given_x1,-0.01719506768870776,0.011421222933483766
19,Using Renewables,230,-0.023188405797101505,x1,0.021151321946102353,0.008420673260124663
19,Research,230,0.1304347826086957,gain,-0.006557850882782761,0.017351596435252845
19,Research,230,0.1304347826086957,x2,-0.010634558447622126,0.012720292733835386
19,Research,230,0.1304347826086957,x2_given_x1,-0.011007956910422025,0.014206469817340259
19,Research,230,0.1304347826086957,x1,-0.0033253543993016295,0.020916795549750154
19,Using Fossil Fuels,230,0.01478260869565215,gain,-0.016770273279385732,0.01835075062280066
19,Using Fossil Fuels,230,0.01478260869565215,x2,-0.028767573184371623,0.015704285810509897
19,Using Fossil Fuels,230,0.01478260869565215,x2_given_x1,-0.0293508646143864,0.01783418516059095
19,Using Fossil Fuels,230,0.01478260869565215,x1,-0.009617785121630947,0.01705981082720021
21,Buying/Importing Power,232,0.0935344827586207,gain,-0.005466934632744086,0.018945589052891443
21,Buying/Importing Power,232,0.0935344827586207,x2,-0.011025317388857495,0.01832323499340434
21,Buying/Importing Power,232,0.0935344827586207,x2_given_x1,-0.01041429854896038,0.019086807529275295
21,Buying/Importing Power,232,0.0935344827586207,x1,-0.005104631373600744,0.017628287166687354
21,Conservation,232,0.1292487684729064,gain,-0.006945601563651371,0.013249339037054242
21,Conservation,232,0.1292487684729064,x2,-0.006786712159158168,0.011329062359936984
21,Conservation,232,0.1292487684729064,x2_given_x1,-0.0075298212004938515,0.012203634961974455
21,Conservation,232,0.1292487684729064,x1,0.0016221447326066508,0.01260872490172893
21,Helping Low Income Customers,232,0.06853448275862069,gain,-0.008444668616774242,0.011951866263611308
21,Helping Low Income Customers,232,0.06853448275862069,x2,-0.005806968165232274,0.017490122005567352
21,Helping Low Income Customers,232,0.06853448275862069,x2_given_x1,-0.007095741562805354,0.016052807687374448
21,Helping Low Income Customers,232,0.06853448275862069,x1,0.004963392799676266,0.018788359048464525
21,Using Renewables,232,-0.05359195402298847,gain,0.0172984000074947,0.007963396869512133
21,Using Renewables,232,-0.05359195402298847,x2,0.0035660792119930245,0.013742378135069178
21,Using Renewables,232,-0.05359195402298847,x2_given_x1,0.008015067146443245,0.010775736801540555
21,Using Renewables,232,-0.05359195402298847,x1,-0.019061937063891535,0.01820571003556267
21,Research,232,0.14051724137931035,gain,-0.012574173363889418,0.013102617992017873
21,Research,232,0.14051724137931035,x2,0.002548079166638911,0.01682189862443042
21,Research,232,0.14051724137931035,x2_given_x1,-0.0019128723488564085,0.015941924405127355
21,Research,232,0.14051724137931035,x1,0.019313707179842984,0.016436623879777363
21,Using Fossil Fuels,232,-0.017672413793103445,gain,0.02795136582367145,0.018577765804458763
21,Using Fossil Fuels,232,-0.017672413793103445,x2,0.023964242046911947,0.019125971219668823
21,Using Fossil Fuels,232,-0.017672413793103445,x2_given_x1,0.027384363811859044,0.019248398130260542
21,Using Fossil Fuels,232,-0.017672413793103445,x1,-0.010752751965906394,0.019752311448662067
10,Tougher Punishment,271,-0.13314883223978793,gain,0.008224195922643134,0.011211755454896813
10,Tougher Punishment,271,-0.13314883223978793,x2,0.030893492884027887,0.014443036677609974
10,Tougher Punishment,271,-0.13314883223978793,x2_given_x1,0.02705943332561699,0.014356896502228511
10,Tougher Punishment,271,-0.13314883223978793,x1,0.02117882982089394,0.011887524190696174
10,Restricting Civil Liberties,275,-0.02254545509815212,gain,0.030453128864594673,0.0151836068126906
10,Restricting Civil Liberties,275,-0.02254545509815212,x2,0.070881556406769,0.015041419977111614
10,Restricting Civil Liberties,275,-0.02254545509815212,x2_given_x1,0.06600865238405117,0.015580319730695508
10,Restricting Civil Liberties,275,-0.02254545509815212,x1,0.036629916868476636,0.014393267565953915
10,Addressing Social Root Causes,228,-0.06907894736842096,gain,0.025958156542545425,0.017022174362548294
10,Addressing Social Root Causes,228,-0.06907894736842096,x2,0.04942727639425619,0.02047556819874229
10,Addressing Social Root Causes,228,-0.06907894736842096,x2_given_x1,0.048128011643097914,0.020565297076057545
10,Addressing Social Root Causes,228,-0.06907894736842096,x1,0.01826327694940466,0.017434190135513603
10,Addressing Economic Root Causes,263,-0.0047528517110266,gain,-0.01382021514681148,0.016954261373064043
10,Addressing Economic Root Causes,263,-0.0047528517110266,x2,-0.018149301741959594,0.017406144103860953
10,Addressing Economic Root Causes,263,-0.0047528517110266,x2_given_x1,-0.01921131779196685,0.017536155041539908
10,Addressing Economic Root Causes,263,-0.0047528517110266,x1,-0.0017999709626778926,0.01846568656511049
10,Rehabilitation,218,-0.01605504587155966,gain,-0.030357301401346338,0.020392449329061983
10,Rehabilitation,218,-0.01605504587155966,x2,-0.02634165610601594,0.02271610502474757
10,Rehabilitation,218,-0.01605504587155966,x2_given_x1,-0.031961696089260874,0.024194267420658028
10,Rehabilitation,218,-0.01605504587155966,x1,0.009866742412169864,0.015171793128603929
10,Streamlining Trials,226,-0.08185840707964605,gain,-0.007537783395572396,0.01285209562388155
10,Streamlining Trials,226,-0.08185840707964605,x2,0.03323277376513712,0.020091225376354747
10,Streamlining Trials,226,-0.08185840707964605,x2_given_x1,0.022391742496084794,0.017652905831212172
10,Streamlining Trials,226,-0.08185840707964605,x1,0.0431919368875899,0.018854646735345343
10,Legalizing Drugs,250,-0.16599999999999995,gain,0.009789125629359728,0.03412348356028198
10,Legalizing Drugs,250,-0.16599999999999995,x2,0.03989888925707087,0.0330316608713574
10,Legalizing Drugs,250,-0.16599999999999995,x2_given_x1,0.0351112179839245,0.03516490548037261
10,Legalizing Drugs,250,-0.16599999999999995,x1,0.026484068852556903,0.030402136621572536
10,Penalties for Drug Taking,241,-0.001037344398340249,gain,-0.01509552084496174,0.02259477627615416
10,Penalties for Drug Taking,241,-0.001037344398340249,x2,-0.040540766816331064,0.021991134988329736
10,Penalties for Drug Taking,241,-0.001037344398340249,x2_given_x1,-0.03731424158507256,0.022172695763768478
10,Penalties for Drug Taking,241,-0.001037344398340249,x1,-0.0227685296336921,0.02552461673170023
10,Allowing Vigilantism,197,0.17766497461928937,gain,0.033476022086738264,0.03078230901363385
10,Allowing Vigilantism,197,0.17766497461928937,x2,0.02814269208335776,0.03997803898264398
10,Allowing Vigilantism,197,0.17766497461928937,x2_given_x1,0.03565021998461809,0.039335712734862666
10,Allowing Vigilantism,197,0.17766497461928937,x1,-0.011374445707055373,0.03197940614731594
10,Institutional Change,194,-0.25257731958762886,gain,-0.004667844702472934,0.023042139830686693
10,Institutional Change,194,-0.25257731958762886,x2,-0.019614898191654292,0.02849636934350897
10,Institutional Change,194,-0.25257731958762886,x2_given_x1,-0.016955816444736396,0.025271730623826483
10,Institutional Change,194,-0.25257731958762886,x1,-0.013652562288653141,0.034601026766751614
10,Independence of Investigation Service,163,0.1042944785276074,gain,-0.09895690189753946,0.024563094903315624
10,Independence of Investigation Service,163,0.1042944785276074,x2,-0.08982957044543692,0.03267415394640498
10,Independence of Investigation Service,163,0.1042944785276074,x2_given_x1,-0.1060133038553633,0.03169938759627131
10,Independence of Investigation Service,163,0.1042944785276074,x1,0.028580547002303888,0.036079252326927866
10,Place of Prosecution,226,-0.11615044247787612,gain,-3.85596764964279e-4,0.017689641178337514
10,Place of Prosecution,226,-0.11615044247787612,x2,0.017124781907840933,0.021698298586516354
10,Place of Prosecution,226,-0.11615044247787612,x2_given_x1,0.012840124518389413,0.021981205250146376
10,Place of Prosecution,226,-0.11615044247787612,x1,0.017229105296765468,0.016759035722019183
9,Industrial Roads,233,0.005793990191599823,gain,-0.0015315026600472186,0.020893676045991228
9,Industrial Roads,233,0.005793990191599823,x2,-0.011611014878969936,0.022516770715854305
9,Industrial Roads,233,0.005793990191599823,x2_given_x1,-0.00874277032955544,0.023873323874718324
9,Industrial Roads,233,0.005793990191599823,x1,-0.01217998675974759,0.01639141662468066
9,Village Roads,232,-0.041594826054341845,gain,0.03794832981692554,0.0212309861249002
9,Village Roads,232,-0.041594826054341845,x2,0.07376567582307096,0.02366164475657198
9,Village Roads,232,-0.041594826054341845,x2_given_x1,0.06848634302421557,0.024156838113780423
9,Village Roads,232,-0.041594826054341845,x1,0.03831592101123962,0.02116294825384322
9,Commercial Roads,233,-0.027467810576821638,gain,-0.0017909430940370402,0.01966148864938746
9,Commercial Roads,233,-0.027467810576821638,x2,0.008564282664017016,0.020033287848736734
9,Commercial Roads,233,-0.027467810576821638,x2_given_x1,0.005403576566716094,0.021103472887964186
9,Commercial Roads,233,-0.027467810576821638,x1,0.012436853729530037,0.019173161581086954
9,Wenchang Main Avenue,233,0.005715307196834067,gain,-0.0063056563431235285,0.019124257646367337
9,Wenchang Main Avenue,233,0.005715307196834067,x2,-0.014330430110410457,0.01993508992099863
9,Wenchang Main Avenue,233,0.005715307196834067,x2_given_x1,-0.012854128476140212,0.021224097780416347
9,Wenchang Main Avenue,233,0.005715307196834067,x1,-0.008752727980595995,0.016047288977989814
9,Other Parks,233,-0.004363376234733984,gain,0.01635050983672103,0.027510362504626282
9,Other Parks,233,-0.004363376234733984,x2,0.02074911342410446,0.027443721026270906
9,Other Parks,233,-0.004363376234733984,x2_given_x1,0.02175138873194246,0.03072109790971038
9,Other Parks,233,-0.004363376234733984,x1,0.003262811627105081,0.014699752137510973
9,Township Image,233,-0.037982832618025784,gain,0.015198098285187273,0.02183256208648465
9,Township Image,233,-0.037982832618025784,x2,0.04297795909536156,0.017874489928392096
9,Township Image,233,-0.037982832618025784,x2_given_x1,0.03710502378084495,0.021556347651217587
9,Township Image,233,-0.037982832618025784,x1,0.03074073881324958,0.018334631595195463
9,Cultural Heritage,233,-0.06008583529504583,gain,0.023052226617291425,0.022609640897312273
9,Cultural Heritage,233,-0.06008583529504583,x2,0.07087996267738858,0.01807957268861744
9,Cultural Heritage,233,-0.06008583529504583,x2_given_x1,0.060156030491819105,0.02198256626976067
9,Cultural Heritage,233,-0.06008583529504583,x1,0.05382660039003222,0.018492134370581274
9,Sewage Treatment,233,0.12228182970262393,gain,0.025212620803482255,0.0126244123515577
9,Sewage Treatment,233,0.12228182970262393,x2,0.031038169929246098,0.013876604369524486
9,Sewage Treatment,233,0.12228182970262393,x2_given_x1,0.03269864950257251,0.014339953969448642
9,Sewage Treatment,233,0.12228182970262393,x1,0.003670879290804566,0.011730307051378844
16,Free Trade,180,0.047238888674312175,gain,-0.006043463258783412,0.01877172504098052
16,Free Trade,180,0.047238888674312175,x2,-4.7901581120112115e-4,0.01617806806245116
16,Free Trade,180,0.047238888674312175,x2_given_x1,-0.006824788027622411,0.02918981591575717
16,Free Trade,180,0.047238888674312175,x1,0.004095691246282873,0.010219749164344802
16,Multilateralism,217,0.02207296393159346,gain,0.01758052561617166,0.009952158620272222
16,Multilateralism,217,0.02207296393159346,x2,0.02367069441540849,0.008631136891767106
16,Multilateralism,217,0.02207296393159346,x2_given_x1,0.034302468241875814,0.01622739968786205
16,Multilateralism,217,0.02207296393159346,x1,0.009880725676895954,0.005710934630086282
16,Services vs. Taxes,200,-8.00000429153398e-4,gain,-0.0040339115251426,0.008993989635759017
16,Services vs. Taxes,200,-8.00000429153398e-4,x2,-0.0010696933428365313,0.013220650122794268
16,Services vs. Taxes,200,-8.00000429153398e-4,x2_given_x1,-0.004804588658490558,0.01440443326457293
16,Services vs. Taxes,200,-8.00000429153398e-4,x1,0.0021689215115186884,0.01259204479060165
14,Fighting Poverty and Suffering,244,-0.005510589993390875,gain,-0.001399357568674344,0.007131167659956352
14,Fighting Poverty and Suffering,244,-0.005510589993390875,x2,-0.0011989740211553852,0.005700496506937748
14,Fighting Poverty and Suffering,244,-0.005510589993390875,x2_given_x1,-0.0019326125145918962,0.008459299976868674
14,Fighting Poverty and Suffering,244,-0.005510589993390875,x1,5.730901272190876e-5,0.0059626936058224354
14,Human Rights,243,0.04691357904500922,gain,0.014056821215223078,0.012052327794059212
14,Human Rights,243,0.04691357904500922,x2,-0.0017775041839986783,0.01022572940273322
14,Human Rights,243,0.04691357904500922,x2_given_x1,0.010728448562391845,0.013568251523001638
14,Human Rights,243,0.04691357904500922,x1,-0.014061269928770173,0.011908944712142894
14,Protecting the Environment,244,0.02974726755904859,gain,0.017465363569480846,0.016222147582370776
14,Protecting the Environment,244,0.02974726755904859,x2,0.016153008079045936,0.009641633306217541
14,Protecting the Environment,244,0.02974726755904859,x2_given_x1,0.02480508422310829,0.01863679917531308
14,Protecting the Environment,244,0.02974726755904859,x1,-6.363642416860086e-5,0.010138014856456655
14,Internationalism,236,0.01800847457627118,gain,0.018934380585471044,0.013653582301696976
14,Internationalism,236,0.01800847457627118,x2,0.032143687163170925,0.013896361123196234
14,Internationalism,236,0.01800847457627118,x2_given_x1,0.03635135343431537,0.01770121683143813
14,Internationalism,236,0.01800847457627118,x1,0.014074055637479908,0.013549518558752964
14,Multilateralism,244,0.012772696489681937,gain,0.009515042086167911,0.004433374458577591
14,Multilateralism,244,0.012772696489681937,x2,0.008703151586413776,0.008496489298481019
14,Multilateralism,244,0.012772696489681937,x2_given_x1,0.013590449670184652,0.007820075655420708
14,Multilateralism,244,0.012772696489681937,x1,1.095586218076298e-4,0.008151732881450555
14,Democracy,244,0.02556466494427354,gain,0.015826763522693764,0.007342443458391638
14,Democracy,244,0.02556466494427354,x2,0.01383365830743964,0.0077055836251496606
14,Democracy,244,0.02556466494427354,x2_given_x1,0.022080900346323835,0.0102000871278487
14,Democracy,244,0.02556466494427354,x1,-4.8352719188396004e-4,0.007111816498429678
14,Increasing Foreign Aid,193,0.09844559585492232,gain,0.01877381744955525,0.024035089588700684
14,Increasing Foreign Aid,193,0.09844559585492232,x2,0.05070647407645281,0.027546260944147725
14,Increasing Foreign Aid,193,0.09844559585492232,x2_given_x1,0.04768658542419813,0.029596543508635983
14,Increasing Foreign Aid,193,0.09844559585492232,x1,0.032606897910425495,0.030336143624136048
14,Fighting Terrorism,244,0.03066256862194814,gain,3.778896198953642e-4,0.005477952471334122
14,Fighting Terrorism,244,0.03066256862194814,x2,0.005112740780865563,0.006641433196364003
14,Fighting Terrorism,244,0.03066256862194814,x2_given_x1,0.003592075724385308,0.008126914554423971
14,Fighting Terrorism,244,0.03066256862194814,x1,0.004706486718410593,0.0049094219855596866
14,Liberalizing Trade,130,0.08461538461538463,gain,-0.023650096440498966,0.03138708224837274
14,Liberalizing Trade,130,0.08461538461538463,x2,0.006900951235281014,0.021272830831310752
14,Liberalizing Trade,130,0.08461538461538463,x2_given_x1,-0.014999706316154089,0.03190896316728639
14,Liberalizing Trade,130,0.08461538461538463,x1,0.027136578447796888,0.030134766684286697
11,Combatting Climate Change,334,0.08413173652694611,gain,0.006700279082988717,0.016794777644779785
11,Combatting Climate Change,334,0.08413173652694611,x2,-0.006078584761109365,0.016243283157593033
11,Combatting Climate Change,334,0.08413173652694611,x2_given_x1,-0.0021327501319839655,0.01689771691445842
11,Combatting Climate Change,334,0.08413173652694611,x1,-0.018541630945934556,0.016226892838661248
11,Stricter Immigration Control,335,0.06119402985074625,gain,0.016958295703379988,0.009935944865505265
11,Stricter Immigration Control,335,0.06119402985074625,x2,0.007895108390241986,0.011185080825324075
11,Stricter Immigration Control,335,0.06119402985074625,x2_given_x1,0.011713307270776295,0.010745990654040414
11,Stricter Immigration Control,335,0.06119402985074625,x1,-0.014482032185351068,0.012252227005595005
