initial,pre,post,gain,true_gain
0,0,0,0,0
0.0033333333333333335,0.006666666666666667,0.01,0.003333333333333333,0.0016666666666666668
0.006666666666666667,0.013333333333333334,0.02,0.006666666666666666,0.0033333333333333335
0.01,0.02,0.03,0.009999999999999998,0.005
0.013333333333333334,0.02666666666666667,0.04,0.013333333333333332,0.006666666666666667
0.016666666666666666,0.03333333333333333,0.05,0.01666666666666667,0.008333333333333333
0.02,0.04,0.06,0.019999999999999997,0.01
0.023333333333333334,0.04666666666666667,0.07,0.023333333333333338,0.011666666666666667
0.02666666666666667,0.05333333333333334,0.08,0.026666666666666665,0.013333333333333334
0.030000000000000002,0.060000000000000005,0.09000000000000001,0.030000000000000006,0.015000000000000001
0.03333333333333333,0.06666666666666667,0.1,0.03333333333333334,0.016666666666666666
0.03666666666666667,0.07333333333333333,0.11,0.03666666666666667,0.018333333333333333
0.04,0.08,0.12,0.039999999999999994,0.02
0.043333333333333335,0.08666666666666667,0.13,0.043333333333333335,0.021666666666666667
0.04666666666666667,0.09333333333333334,0.14,0.046666666666666676,0.023333333333333334
0.05,0.1,0.15000000000000002,0.05000000000000002,0.025
0.05333333333333334,0.10666666666666667,0.16,0.05333333333333333,0.02666666666666667
0.05666666666666667,0.11333333333333334,0.17,0.05666666666666667,0.028333333333333335
0.060000000000000005,0.12000000000000001,0.18000000000000002,0.06000000000000001,0.030000000000000002
0.06333333333333334,0.12666666666666668,0.19,0.06333333333333332,0.03166666666666667
0.06666666666666667,0.13333333333333333,0.2,0.06666666666666668,0.03333333333333333
0.07,0.14,0.21000000000000002,0.07,0.035
0.07333333333333333,0.14666666666666667,0.22,0.07333333333333333,0.03666666666666667
0.07666666666666667,0.15333333333333335,0.23000000000000004,0.07666666666666669,0.03833333333333334
0.08,0.16,0.24,0.07999999999999999,0.04
0.08333333333333334,0.16666666666666669,0.25,0.08333333333333331,0.04166666666666667
0.08666666666666667,0.17333333333333334,0.26,0.08666666666666667,0.043333333333333335
0.09000000000000001,0.18000000000000002,0.27,0.09,0.045000000000000005
0.09333333333333334,0.18666666666666668,0.28,0.09333333333333335,0.04666666666666667
0.09666666666666668,0.19333333333333336,0.29000000000000004,0.09666666666666668,0.04833333333333334
0.1,0.2,0.30000000000000004,0.10000000000000003,0.05
0.10333333333333335,0.2066666666666667,0.31000000000000005,0.10333333333333336,0.05166666666666667
0.10666666666666667,0.21333333333333335,0.32,0.10666666666666666,0.05333333333333334
0.11,0.22,0.33,0.11000000000000001,0.055
0.11333333333333334,0.22666666666666668,0.34,0.11333333333333334,0.05666666666666667
0.11666666666666667,0.23333333333333334,0.35,0.11666666666666664,0.058333333333333334
0.12000000000000001,0.24000000000000002,0.36000000000000004,0.12000000000000002,0.060000000000000005
0.12333333333333334,0.24666666666666667,0.37,0.12333333333333332,0.06166666666666667
0.12666666666666668,0.25333333333333335,0.38,0.12666666666666665,0.06333333333333334
0.13,0.26,0.39,0.13,0.065
0.13333333333333333,0.26666666666666666,0.4,0.13333333333333336,0.06666666666666667
0.1366666666666667,0.2733333333333334,0.41000000000000003,0.13666666666666666,0.06833333333333334
0.14,0.28,0.42000000000000004,0.14,0.07
0.14333333333333334,0.2866666666666667,0.43000000000000005,0.14333333333333337,0.07166666666666667
0.14666666666666667,0.29333333333333333,0.44,0.14666666666666667,0.07333333333333333
0.15000000000000002,0.30000000000000004,0.45000000000000007,0.15000000000000002,0.07500000000000001
0.15333333333333335,0.3066666666666667,0.4600000000000001,0.15333333333333338,0.07666666666666667
0.15666666666666668,0.31333333333333335,0.47000000000000003,0.15666666666666668,0.07833333333333334
0.16,0.32,0.48,0.15999999999999998,0.08
0.16333333333333333,0.32666666666666666,0.49,0.16333333333333333,0.08166666666666667
0.16666666666666669,0.33333333333333337,0.5,0.16666666666666663,0.08333333333333334
0.17,0.34,0.51,0.16999999999999998,0.085
0.17333333333333334,0.3466666666666667,0.52,0.17333333333333334,0.08666666666666667
0.17666666666666667,0.35333333333333333,0.53,0.1766666666666667,0.08833333333333333
0.18000000000000002,0.36000000000000004,0.54,0.18,0.09000000000000001
0.18333333333333335,0.3666666666666667,0.55,0.18333333333333335,0.09166666666666667
0.18666666666666668,0.37333333333333335,0.56,0.1866666666666667,0.09333333333333334
0.19,0.38,0.5700000000000001,0.19000000000000006,0.095
0.19333333333333336,0.3866666666666667,0.5800000000000001,0.19333333333333336,0.09666666666666668
0.19666666666666668,0.39333333333333337,0.5900000000000001,0.1966666666666667,0.09833333333333334
0.2,0.4,0.6000000000000001,0.20000000000000007,0.1
0.20333333333333334,0.4066666666666667,0.61,0.2033333333333333,0.10166666666666667
0.2066666666666667,0.4133333333333334,0.6200000000000001,0.20666666666666672,0.10333333333333335
0.21000000000000002,0.42000000000000004,0.6300000000000001,0.21000000000000008,0.10500000000000001
0.21333333333333335,0.4266666666666667,0.64,0.21333333333333332,0.10666666666666667
0.21666666666666667,0.43333333333333335,0.65,0.21666666666666667,0.10833333333333334
0.22,0.44,0.66,0.22000000000000003,0.11
0.22333333333333336,0.4466666666666667,0.67,0.22333333333333333,0.11166666666666668
0.22666666666666668,0.45333333333333337,0.68,0.22666666666666668,0.11333333333333334
0.23,0.46,0.6900000000000001,0.23000000000000004,0.115
0.23333333333333334,0.4666666666666667,0.7,0.23333333333333328,0.11666666666666667
0.2366666666666667,0.4733333333333334,0.7100000000000001,0.2366666666666667,0.11833333333333335
0.24000000000000002,0.48000000000000004,0.7200000000000001,0.24000000000000005,0.12000000000000001
0.24333333333333335,0.4866666666666667,0.73,0.2433333333333333,0.12166666666666667
0.24666666666666667,0.49333333333333335,0.74,0.24666666666666665,0.12333333333333334
0.25,0.5,0.75,0.25,0.125
0.25333333333333335,0.5066666666666667,0.76,0.2533333333333333,0.12666666666666668
0.2566666666666667,0.5133333333333334,0.7700000000000001,0.2566666666666667,0.12833333333333335
0.26,0.52,0.78,0.26,0.13
0.26333333333333336,0.5266666666666667,0.79,0.2633333333333333,0.13166666666666668
0.26666666666666666,0.5333333333333333,0.8,0.2666666666666667,0.13333333333333333
0.27,0.54,0.81,0.27,0.135
0.2733333333333334,0.5466666666666667,0.8200000000000001,0.2733333333333333,0.1366666666666667
0.27666666666666667,0.5533333333333333,0.8300000000000001,0.2766666666666667,0.13833333333333334
0.28,0.56,0.8400000000000001,0.28,0.14
0.2833333333333333,0.5666666666666667,0.85,0.2833333333333333,0.14166666666666666
0.2866666666666667,0.5733333333333334,0.8600000000000001,0.28666666666666674,0.14333333333333334
0.29000000000000004,0.5800000000000001,0.8700000000000001,0.29000000000000004,0.14500000000000002
0.29333333333333333,0.5866666666666667,0.88,0.29333333333333333,0.14666666666666667
0.2966666666666667,0.5933333333333334,0.8900000000000001,0.29666666666666675,0.14833333333333334
0.30000000000000004,0.6000000000000001,0.9000000000000001,0.30000000000000004,0.15000000000000002
0.30333333333333334,0.6066666666666667,0.91,0.30333333333333334,0.15166666666666667
0.3066666666666667,0.6133333333333334,0.9200000000000002,0.30666666666666675,0.15333333333333335
0.31,0.62,0.9299999999999999,0.30999999999999994,0.155
0.31333333333333335,0.6266666666666667,0.9400000000000001,0.31333333333333335,0.15666666666666668
0.3166666666666667,0.6333333333333334,0.9500000000000002,0.31666666666666676,0.15833333333333335
0.32,0.64,0.96,0.31999999999999995,0.16
0.32333333333333336,0.6466666666666667,0.9700000000000001,0.32333333333333336,0.16166666666666668
0.32666666666666666,0.6533333333333333,0.98,0.32666666666666666,0.16333333333333333
0.33,0.66,0.99,0.32999999999999996,0.165
0.33333333333333337,0.6666666666666667,1,0.33333333333333326,0.16666666666666669
0.33666666666666667,0.6733333333333333,1,0.32666666666666666,0.16833333333333333
0.34,0.68,1,0.31999999999999995,0.17
0.3433333333333334,0.6866666666666668,1,0.31333333333333324,0.1716666666666667
0.3466666666666667,0.6933333333333334,1,0.30666666666666664,0.17333333333333334
0.35000000000000003,0.7000000000000001,1,0.29999999999999993,0.17500000000000002
0.35333333333333333,0.7066666666666667,1,0.29333333333333333,0.17666666666666667
0.3566666666666667,0.7133333333333334,1,0.2866666666666666,0.17833333333333334
0.36000000000000004,0.7200000000000001,1,0.2799999999999999,0.18000000000000002
0.36333333333333334,0.7266666666666667,1,0.2733333333333333,0.18166666666666667
0.3666666666666667,0.7333333333333334,1,0.2666666666666666,0.18333333333333335
0.37000000000000005,0.7400000000000001,1,0.2599999999999999,0.18500000000000003
0.37333333333333335,0.7466666666666667,1,0.2533333333333333,0.18666666666666668
0.3766666666666667,0.7533333333333334,1,0.2466666666666666,0.18833333333333335
0.38,0.76,1,0.24,0.19
0.38333333333333336,0.7666666666666667,1,0.23333333333333328,0.19166666666666668
0.3866666666666667,0.7733333333333334,1,0.22666666666666657,0.19333333333333336
0.39,0.78,1,0.21999999999999997,0.195
0.39333333333333337,0.7866666666666667,1,0.21333333333333326,0.19666666666666668
0.39666666666666667,0.7933333333333333,1,0.20666666666666667,0.19833333333333333
0.4,0.8,1,0.19999999999999996,0.2
0.4033333333333334,0.8066666666666668,1,0.19333333333333325,0.2016666666666667
0.4066666666666667,0.8133333333333334,1,0.18666666666666665,0.20333333333333334
0.41000000000000003,0.8200000000000001,1,0.17999999999999994,0.20500000000000002
0.4133333333333334,0.8266666666666668,1,0.17333333333333323,0.2066666666666667
0.4166666666666667,0.8333333333333334,1,0.16666666666666663,0.20833333333333334
0.42000000000000004,0.8400000000000001,1,0.15999999999999992,0.21000000000000002
0.42333333333333334,0.8466666666666667,1,0.15333333333333332,0.21166666666666667
0.4266666666666667,0.8533333333333334,1,0.1466666666666666,0.21333333333333335
0.43000000000000005,0.8600000000000001,1,0.1399999999999999,0.21500000000000002
0.43333333333333335,0.8666666666666667,1,0.1333333333333333,0.21666666666666667
0.4366666666666667,0.8733333333333334,1,0.1266666666666666,0.21833333333333335
0.44,0.88,1,0.12,0.22
0.44333333333333336,0.8866666666666667,1,0.11333333333333329,0.22166666666666668
0.4466666666666667,0.8933333333333334,1,0.10666666666666658,0.22333333333333336
0.45,0.9,1,0.09999999999999998,0.225
0.45333333333333337,0.9066666666666667,1,0.09333333333333327,0.22666666666666668
0.4566666666666667,0.9133333333333334,1,0.08666666666666656,0.22833333333333336
0.46,0.92,1,0.07999999999999996,0.23
0.4633333333333334,0.9266666666666667,1,0.07333333333333325,0.2316666666666667
0.4666666666666667,0.9333333333333333,1,0.06666666666666665,0.23333333333333334
0.47000000000000003,0.9400000000000001,1,0.05999999999999994,0.23500000000000001
0.4733333333333334,0.9466666666666668,1,0.05333333333333323,0.2366666666666667
0.4766666666666667,0.9533333333333334,1,0.046666666666666634,0.23833333333333334
0.48000000000000004,0.9600000000000001,1,0.039999999999999925,0.24000000000000002
0.48333333333333334,0.9666666666666667,1,0.033333333333333326,0.24166666666666667
0.4866666666666667,0.9733333333333334,1,0.026666666666666616,0.24333333333333335
0.49000000000000005,0.9800000000000001,1,0.019999999999999907,0.24500000000000002
0.49333333333333335,0.9866666666666667,1,0.013333333333333308,0.24666666666666667
0.4966666666666667,0.9933333333333334,1,0.006666666666666599,0.24833333333333335
0.5,1,1,0,0.25
0.5033333333333334,1,1,0,0.2516666666666667
0.5066666666666667,1,1,0,0.25333333333333335
0.51,1,1,0,0.255
0.5133333333333334,1,1,0,0.2566666666666667
0.5166666666666667,1,1,0,0.25833333333333336
0.52,1,1,0,0.26
0.5233333333333333,1,1,0,0.26166666666666666
0.5266666666666667,1,1,0,0.26333333333333336
0.53,1,1,0,0.265
0.5333333333333333,1,1,0,0.26666666666666666
0.5366666666666667,1,1,0,0.26833333333333337
0.54,1,1,0,0.27
0.5433333333333333,1,1,0,0.27166666666666667
0.5466666666666667,1,1,0,0.2733333333333334
0.55,1,1,0,0.275
0.5533333333333333,1,1,0,0.27666666666666667
0.5566666666666668,1,1,0,0.2783333333333334
0.56,1,1,0,0.28
0.5633333333333334,1,1,0,0.2816666666666667
0.5666666666666667,1,1,0,0.2833333333333333
0.5700000000000001,1,1,0,0.28500000000000003
0.5733333333333334,1,1,0,0.2866666666666667
0.5766666666666667,1,1,0,0.28833333333333333
0.5800000000000001,1,1,0,0.29000000000000004
0.5833333333333334,1,1,0,0.2916666666666667
0.5866666666666667,1,1,0,0.29333333333333333
0.5900000000000001,1,1,0,0.29500000000000004
0.5933333333333334,1,1,0,0.2966666666666667
0.5966666666666667,1,1,0,0.29833333333333334
0.6000000000000001,1,1,0,0.30000000000000004
0.6033333333333334,1,1,0,0.3016666666666667
0.6066666666666667,1,1,0,0.30333333333333334
0.61,1,1,0,0.305
0.6133333333333334,1,1,0,0.3066666666666667
0.6166666666666667,1,1,0,0.30833333333333335
0.62,1,1,0,0.31
0.6233333333333334,1,1,0,0.3116666666666667
0.6266666666666667,1,1,0,0.31333333333333335
0.63,1,1,0,0.315
0.6333333333333334,1,1,0,0.3166666666666667
0.6366666666666667,1,1,0,0.31833333333333336
0.64,1,1,0,0.32
0.6433333333333334,1,1,0,0.3216666666666667
0.6466666666666667,1,1,0,0.32333333333333336
0.65,1,1,0,0.325
0.6533333333333333,1,1,0,0.32666666666666666
0.6566666666666667,1,1,0,0.32833333333333337
0.66,1,1,0,0.33
0.6633333333333333,1,1,0,0.33166666666666667
0.6666666666666667,1,1,0,0.33333333333333337
0.67,1,1,0,0.335
0.6733333333333333,1,1,0,0.33666666666666667
0.6766666666666667,1,1,0,0.3383333333333334
0.68,1,1,0,0.34
0.6833333333333333,1,1,0,0.3416666666666667
0.6866666666666668,1,1,0,0.3433333333333334
0.6900000000000001,1,1,0,0.34500000000000003
0.6933333333333334,1,1,0,0.3466666666666667
0.6966666666666667,1,1,0,0.34833333333333333
0.7000000000000001,1,1,0,0.35000000000000003
0.7033333333333334,1,1,0,0.3516666666666667
0.7066666666666667,1,1,0,0.35333333333333333
0.7100000000000001,1,1,0,0.35500000000000004
0.7133333333333334,1,1,0,0.3566666666666667
0.7166666666666667,1,1,0,0.35833333333333334
0.7200000000000001,1,1,0,0.36000000000000004
0.7233333333333334,1,1,0,0.3616666666666667
0.7266666666666667,1,1,0,0.36333333333333334
0.7300000000000001,1,1,0,0.36500000000000005
0.7333333333333334,1,1,0,0.3666666666666667
0.7366666666666667,1,1,0,0.36833333333333335
0.7400000000000001,1,1,0,0.37000000000000005
0.7433333333333334,1,1,0,0.3716666666666667
0.7466666666666667,1,1,0,0.37333333333333335
0.75,1,1,0,0.375
0.7533333333333334,1,1,0,0.3766666666666667
0.7566666666666667,1,1,0,0.37833333333333335
0.76,1,1,0,0.38
0.7633333333333334,1,1,0,0.3816666666666667
0.7666666666666667,1,1,0,0.38333333333333336
0.77,1,1,0,0.385
0.7733333333333334,1,1,0,0.3866666666666667
0.7766666666666667,1,1,0,0.38833333333333336
0.78,1,1,0,0.39
0.7833333333333334,1,1,0,0.3916666666666667
0.7866666666666667,1,1,0,0.39333333333333337
0.79,1,1,0,0.395
0.7933333333333333,1,1,0,0.39666666666666667
0.7966666666666667,1,1,0,0.3983333333333334
0.8,1,1,0,0.4
0.8033333333333333,1,1,0,0.40166666666666667
0.8066666666666668,1,1,0,0.4033333333333334
0.81,1,1,0,0.405
0.8133333333333334,1,1,0,0.4066666666666667
0.8166666666666668,1,1,0,0.4083333333333334
0.8200000000000001,1,1,0,0.41000000000000003
0.8233333333333334,1,1,0,0.4116666666666667
0.8266666666666668,1,1,0,0.4133333333333334
0.8300000000000001,1,1,0,0.41500000000000004
0.8333333333333334,1,1,0,0.4166666666666667
0.8366666666666667,1,1,0,0.41833333333333333
0.8400000000000001,1,1,0,0.42000000000000004
0.8433333333333334,1,1,0,0.4216666666666667
0.8466666666666667,1,1,0,0.42333333333333334
0.8500000000000001,1,1,0,0.42500000000000004
0.8533333333333334,1,1,0,0.4266666666666667
0.8566666666666667,1,1,0,0.42833333333333334
0.8600000000000001,1,1,0,0.43000000000000005
0.8633333333333334,1,1,0,0.4316666666666667
0.8666666666666667,1,1,0,0.43333333333333335
0.8700000000000001,1,1,0,0.43500000000000005
0.8733333333333334,1,1,0,0.4366666666666667
0.8766666666666667,1,1,0,0.43833333333333335
0.88,1,1,0,0.44
0.8833333333333334,1,1,0,0.4416666666666667
0.8866666666666667,1,1,0,0.44333333333333336
0.89,1,1,0,0.445
0.8933333333333334,1,1,0,0.4466666666666667
0.8966666666666667,1,1,0,0.44833333333333336
0.9,1,1,0,0.45
0.9033333333333334,1,1,0,0.4516666666666667
0.9066666666666667,1,1,0,0.45333333333333337
0.91,1,1,0,0.455
0.9133333333333334,1,1,0,0.4566666666666667
0.9166666666666667,1,1,0,0.45833333333333337
0.92,1,1,0,0.46
0.9233333333333333,1,1,0,0.46166666666666667
0.9266666666666667,1,1,0,0.4633333333333334
0.93,1,1,0,0.465
0.9333333333333333,1,1,0,0.4666666666666667
0.9366666666666668,1,1,0,0.4683333333333334
0.9400000000000001,1,1,0,0.47000000000000003
0.9433333333333334,1,1,0,0.4716666666666667
0.9466666666666668,1,1,0,0.4733333333333334
0.9500000000000001,1,1,0,0.47500000000000003
0.9533333333333334,1,1,0,0.4766666666666667
0.9566666666666668,1,1,0,0.4783333333333334
0.9600000000000001,1,1,0,0.48000000000000004
0.9633333333333334,1,1,0,0.4816666666666667
0.9666666666666667,1,1,0,0.48333333333333334
0.9700000000000001,1,1,0,0.48500000000000004
0.9733333333333334,1,1,0,0.4866666666666667
0.9766666666666667,1,1,0,0.48833333333333334
0.9800000000000001,1,1,0,0.49000000000000005
0.9833333333333334,1,1,0,0.4916666666666667
0.9866666666666667,1,1,0,0.49333333333333335
0.9900000000000001,1,1,0,0.49500000000000005
0.9933333333333334,1,1,0,0.4966666666666667
0.9966666666666667,1,1,0,0.49833333333333335
1,1,1,0,0.5
