pollname,mean_x1,mean_gain,sd_x1,r_x1_x2,r_gain_x1,slope_x2_x1
UK EU,0.5142857142857142,0.16134453781512603,0.28766063992368146,0.3806820405672693,-0.4706290783597094,0.4356060606060611
UK Health,0.6579710144927535,0.07898550724637678,0.2266172973258933,0.5445515376026963,-0.4004029995143153,0.5977242852448246
UK Monarchy,0.6481481481481483,0.14771748492678724,0.19379743299876026,0.6213015133930406,-0.4156037777604299,0.6344063099552336
UK General Election,0.5447272745840477,0.10327272541595231,0.20892368044609724,0.5743582817543631,-0.5226419184533052,0.5336965682018593
Australia Republic Referendum,0.5192122958693564,0.23967339097022097,0.21863068798527346,0.6198196326570756,-0.6308898889279592,0.4927323330106499
UK Crime,0.5222169135212613,0.09460105112279021,0.2313467645749695,0.6140481040745744,-0.35762536951301105,0.6701387402963076
Tomorrow's Europe (EU),0.36627906976744196,0.16649048625792792,0.18702518141581229,0.41088667492928893,-0.426547739973421,0.4886621224378645
Central Power & Light,0.2936507936507938,0.1607142857142856,0.18622045341320412,0.2698887528469322,-0.624452692595407,0.2595802919708037
Zeguo Township,0.31330472103004275,0.111587982832618,0.30796716241211064,0.2975930182157744,-0.49864768704795426,0.3514324027794717
Bulgarian National,0.4316546762589928,0.09301130524152104,0.24667097652973324,0.2884605541095773,-0.5813120287004662,0.2966131224084464
Europolis,0.19731800766283528,0.16570881226053627,0.15708017787505113,0.21156221386750182,-0.4613394634879556,0.2939289976133649
"New Haven, CT",0.3683712121212121,0.22253787878787876,0.1769886961199634,0.3656083381350326,-0.3523830677513686,0.5105720137306368
National Issues Convention 2,0.3729946607175997,0.1229946535299806,0.16534351778267264,0.5602172409741597,-0.4390045732789688,0.5805651987564413
By the People: National,0.3933209739169298,0.03450834921428137,0.17651329206965585,0.6136588134175958,-0.45417072868287817,0.6038958121308353
By the People 2004 US General Election,0.754290885617578,0.07362240101627213,0.23468543564207306,0.7295981557510252,-0.5564856747815111,0.6143260888025748
By the People 2004 US Presidential Primaries,0.5148123873543629,0.11849901327339735,0.27765026433063245,0.7200553976198246,-0.41802385310293216,0.6927829815273867
"San Mateo, CA",0.14539748953974893,0.17154811715481175,0.14142042390048218,0.11310185588322924,-0.4581126082319061,0.18091418525436828
By the People: Health and Education,0.3748164512052935,0.03524229189766664,0.22599010112958845,0.3901192163487741,-0.5755441047474197,0.3757831433539523
West Texas Utilities,0.39913043478260873,0.2878260869565218,0.24189775608134537,0.38649733155896,-0.5637509548487594,0.38040727329361834
National Issues Convention,0.4652750682829098,0.012095200936603781,0.2062951593479698,0.4131246966491782,-0.37316737135403755,0.5300423626660166
Southwestern Electric Power,0.4353448275862069,0.20258620689655174,0.2345685217621958,0.2234577801916035,-0.5745611264835686,0.2461780545042663
