pollname,proxy,n,groups,n_above,n_at_or_below,estimate,std_error,lower,upper
Australia Republic Referendum,Observed gain,347,24,43,304,-0.03318798449612425,0.03261434344312593,-0.09711209764465106,0.03073612865240257
Bulgarian National,Observed gain,277,17,44,233,0.004027088791037682,0.05205010005494331,-0.0979911073166512,0.10604528489872656
By the People 2004 US General Election,Observed gain,248,15,82,166,-0.052470043057462334,0.015760791816299555,-0.08336119501740946,-0.021578891097515207
By the People 2004 US Presidential Primaries,Observed gain,217,16,66,151,-0.020985640714009622,0.03129338062309109,-0.08232066673526815,0.04034938530724891
By the People: Health and Education,Observed gain,452,30,211,241,-0.003788847046140745,0.019177475239350688,-0.04137669851526809,0.033799004422986605
By the People: National,Observed gain,245,15,79,166,0.022099904767147318,0.015236998209354207,-0.007764611723186928,0.05196442125748156
Central Power & Light,Observed gain,213,16,61,152,0.0013404412671022068,0.047510704099489445,-0.0917805387678971,0.09446142130210153
Europolis,Observed gain,335,25,151,184,0.07143799788847312,0.020611257487927817,0.0310399332121346,0.11183606256481163
National Issues Convention,Observed gain,385,30,119,266,-0.04044871537131572,0.012784563804811121,-0.06550646042874551,-0.015390970313885921
National Issues Convention 2,Observed gain,340,24,160,180,0.005934342783358285,0.018945659630368136,-0.031199150092163265,0.04306783565887983
"New Haven, CT",Observed gain,131,16,42,89,0.014780631353665167,0.04647514418866202,-0.07631065125611239,0.10587191396344273
"San Mateo, CA",Observed gain,235,26,103,132,0.05331531332744952,0.02684576892698231,6.976062305641961e-4,0.10593302042433485
Southwestern Electric Power,Observed gain,231,14,70,161,0.12745341614906813,0.045141591942038435,0.0389758959426728,0.21593093635546345
Tomorrow's Europe (EU),Observed gain,334,18,154,180,0.015840220385674893,0.027227850234346155,-0.03752636607364357,0.06920680684499336
UK Crime,Observed gain,299,20,99,200,0.06135642135642122,0.0244363884424937,0.013461100009133566,0.10925174270370888
UK EU,Observed gain,214,15,85,129,0.12880984952120353,0.038915876783204954,0.052534731026121814,0.20508496801628523
UK General Election,Observed gain,274,15,134,140,0.018670931093728346,0.02264002921266058,-0.02570352616308639,0.06304538835054307
UK Health,Observed gain,226,15,48,178,-0.028323970037453315,0.023572243405955602,-0.0745255671131263,0.017877627038219664
UK Monarchy,Observed gain,258,15,100,158,0.018129395218002838,0.017207195659528954,-0.01559670827467391,0.051855498710679584
West Texas Utilities,Observed gain,229,14,71,158,0.009413442681404953,0.040360506969513946,-0.06969315097884238,0.08852003634165229
Zeguo Township,Observed gain,205,16,39,166,0.1588662341674387,0.06654810838073451,0.028431941741199063,0.28930052659367833
Australia Republic Referendum,Post-process knowledge,347,24,43,304,0.08940228478172171,0.01751678605629211,0.05506938411138918,0.12373518545205425
Bulgarian National,Post-process knowledge,277,17,44,233,0.09500585251658214,0.047537691398903424,0.001831977374731425,0.18817972765843285
By the People 2004 US General Election,Post-process knowledge,248,15,82,166,0.0666568705884893,0.028126824354771582,0.011528294853137007,0.12178544632384161
By the People 2004 US Presidential Primaries,Post-process knowledge,217,16,66,151,0.175468018342399,0.024958542080161628,0.1265492758652822,0.2243867608195158
By the People: Health and Education,Post-process knowledge,452,30,211,241,0.05121171011929151,0.020404185733986262,0.011219506080678433,0.09120391415790458
By the People: National,Post-process knowledge,245,15,79,166,0.12604849730456752,0.02883823632551146,0.06952555410656505,0.18257144050257
Central Power & Light,Post-process knowledge,213,16,61,152,0.08991741649204969,0.020822151004922844,0.04910600052240092,0.13072883246169847
Europolis,Post-process knowledge,335,25,151,184,0.11536015932431137,0.02102769919323149,0.07414586890557764,0.1565744497430451
National Issues Convention,Post-process knowledge,385,30,119,266,0.11981826223312261,0.015724219182823344,0.08899879263478885,0.15063773183145637
National Issues Convention 2,Post-process knowledge,340,24,160,180,0.14065656517114866,0.021215164238716538,0.09907484326326424,0.18223828707903308
"New Haven, CT",Post-process knowledge,131,16,42,89,0.0785848047084001,0.037083014668387385,0.005902095958360817,0.15126751345843936
"San Mateo, CA",Post-process knowledge,235,26,103,132,0.07809282141806465,0.025634788271374144,0.027848636406171322,0.12833700642995796
Southwestern Electric Power,Post-process knowledge,231,14,70,161,0.16099378881987536,0.04542932046604877,0.07195232070641977,0.25003525693333095
Tomorrow's Europe (EU),Post-process knowledge,334,18,154,180,0.0769316542043816,0.021502841811067375,0.03478608425468954,0.11907722415407365
UK Crime,Post-process knowledge,299,20,99,200,0.15865800865800844,0.033654257140412376,0.09269566466280019,0.2246203526532167
UK EU,Post-process knowledge,214,15,85,129,0.1824715002279974,0.03649376817611724,0.11094371460280761,0.2539992858531872
UK General Election,Post-process knowledge,274,15,134,140,0.1301634683724235,0.022333353311511466,0.08639009588186104,0.173936840862986
UK Health,Post-process knowledge,226,15,48,178,0.14321941323345871,0.02584196547382419,0.0925691609047633,0.19386966556215413
UK Monarchy,Post-process knowledge,258,15,100,158,0.14997187060478237,0.01819858919276014,0.1143026357869725,0.18564110542259224
West Texas Utilities,Post-process knowledge,229,14,71,158,0.08416830094491025,0.026837742862718592,0.03156632493398181,0.13677027695583868
Zeguo Township,Post-process knowledge,205,16,39,166,0.25509731232622757,0.06576156080876888,0.12620465314104057,0.38398997151141456
Australia Republic Referendum,Post-process knowledge given initial,347,24,43,304,0.03465431922314908,0.015524265316518389,0.004226759202773038,0.06508187924352513
Bulgarian National,Post-process knowledge given initial,277,17,44,233,0.06852874695402894,0.04631957174553629,-0.02225761366722219,0.15931510757528006
By the People 2004 US General Election,Post-process knowledge given initial,248,15,82,166,-0.009153805310684623,0.017720843774422637,-0.043886659108552994,0.025579048487183745
By the People 2004 US Presidential Primaries,Post-process knowledge given initial,217,16,66,151,0.04405809778864771,0.02610430755455083,-0.007106345018271919,0.09522254059556734
By the People: Health and Education,Post-process knowledge given initial,452,30,211,241,0.03147096389618873,0.01934744534165737,-0.006450028973459712,0.06939195676583718
By the People: National,Post-process knowledge given initial,245,15,79,166,0.0684845782763394,0.020801477783977937,0.027713681819742646,0.10925547473293615
Central Power & Light,Post-process knowledge given initial,213,16,61,152,0.07070574602268075,0.02591713347960135,0.019908164402662104,0.12150332764269939
Europolis,Post-process knowledge given initial,335,25,151,184,0.10436362236508177,0.021252334395244606,0.06270904695040234,0.14601819777976122
National Issues Convention,Post-process knowledge given initial,385,30,119,266,0.04234499621097675,0.013188449387000846,0.016495635412455096,0.06819435700949841
National Issues Convention 2,Post-process knowledge given initial,340,24,160,180,0.07485999246964357,0.020371777714805334,0.03493130814862512,0.11478867679066203
"New Haven, CT",Post-process knowledge given initial,131,16,42,89,0.045951523574873025,0.037920177393194754,-0.028372024115788687,0.12027507126553474
"San Mateo, CA",Post-process knowledge given initial,235,26,103,132,0.0740836270232994,0.02472284906459668,0.02562684285668991,0.1225404111899089
Southwestern Electric Power,Post-process knowledge given initial,231,14,70,161,0.15367346938775464,0.04437000247979275,0.06670826452736085,0.24063867424814844
Tomorrow's Europe (EU),Post-process knowledge given initial,334,18,154,180,0.04643093167043675,0.023622005687890038,1.31800522172279e-4,0.09273006281870122
UK Crime,Post-process knowledge given initial,299,20,99,200,0.0972762671341072,0.02544293986123516,0.04740810500608628,0.14714442926212812
UK EU,Post-process knowledge given initial,214,15,85,129,0.1588550684372707,0.02895003501474384,0.10211299980837278,0.21559713706616862
UK General Election,Post-process knowledge given initial,274,15,134,140,0.07876141665337892,0.019885451807360156,0.039785931110953014,0.11773690219580482
UK Health,Post-process knowledge given initial,226,15,48,178,0.04771122555120771,0.018251933563153435,0.011937435767426972,0.08348501533498845
UK Monarchy,Post-process knowledge given initial,258,15,100,158,0.08020668508319281,0.017366986291353418,0.04616739195214011,0.11424597821424551
West Texas Utilities,Post-process knowledge given initial,229,14,71,158,0.056894871709197825,0.02526076089347047,0.007383780357995702,0.10640596306039996
Zeguo Township,Post-process knowledge given initial,205,16,39,166,0.22479025082957763,0.06636795060785491,0.09470906763818199,0.35487143402097326
Pooled estimate,Observed gain,,,,,0.017375173766148236,,-0.004890768902574809,0.040961391223359477
Pooled estimate,Post-process knowledge,,,,,0.1156592877627339,,0.0978306244334642,0.1342443164553969
Pooled estimate,Post-process knowledge given initial,,,,,0.0662877323802636,,0.04881173447831559,0.08511143554972983
